298	Key
554	Fire rune
555	Water rune
556	Air rune
557	Earth rune
558	Mind rune
561	Nature rune
563	Law rune
565	Blood rune
566	Soul rune
621	Ship ticket
767	Phoenix crossbow
837	Crossbow
954	Rope
975	Machete
995	Coins
1265	Bronze pickaxe
1267	Iron pickaxe
1269	Steel pickaxe
1271	Adamant pickaxe
1273	Mithril pickaxe
1275	Rune pickaxe
1349	Iron axe
1351	Bronze axe
1353	Steel axe
1355	Mithril axe
1357	Adamant axe
1359	Rune axe
1361	Black axe
1381	Staff of air
1383	Staff of water
1385	Staff of earth
1387	Staff of fire
1393	Fire battlestaff
1395	Water battlestaff
1397	Air battlestaff
1399	Earth battlestaff
1401	Mystic fire staff
1403	Mystic water staff
1405	Mystic air staff
1407	Mystic earth staff
1523	Lockpick
1542	Maze key
1543	Key
1590	Dusty key
1706	Amulet of glory(1)
1708	Amulet of glory(2)
1710	Amulet of glory(3)
1712	Amulet of glory(4)
1757	Brown apron
1854	Shantay pass
1963	Banana
2376	Skavid map
2552	Ring of dueling(8)
2554	Ring of dueling(7)
2556	Ring of dueling(6)
2558	Ring of dueling(5)
2560	Ring of dueling(4)
2562	Ring of dueling(3)
2564	Ring of dueling(2)
2566	Ring of dueling(1)
2887	Battered key
3053	Lava battlestaff
3054	Mystic lava staff
3105	Climbing boots
3691	Enchanted lyre(1)
3853	Games necklace(8)
3855	Games necklace(7)
3857	Games necklace(6)
3859	Games necklace(5)
3861	Games necklace(4)
3863	Games necklace(3)
3865	Games necklace(2)
3867	Games necklace(1)
4075	Glowing fungus
4084	Sled
4251	Ectophial
4252	Ectophial
4278	Ecto-token
4446	Steel key ring
4513	Castlewars hood
4514	Castlewars cloak
4515	Castlewars hood
4516	Castlewars cloak
4567	Gold helmet
4657	Ring of visibility
4694	Steam rune
4695	Mist rune
4696	Dust rune
4697	Smoke rune
4698	Mud rune
4699	Lava rune
4734	Karil's crossbow
4934	Karil's crossbow 100
4935	Karil's crossbow 75
4936	Karil's crossbow 50
4937	Karil's crossbow 25
4938	Karil's crossbow 0
6099	Teleport crystal (4)
6100	Teleport crystal (3)
6101	Teleport crystal (2)
6102	Teleport crystal (1)
6125	Enchanted lyre(2)
6126	Enchanted lyre(3)
6127	Enchanted lyre(4)
6313	Opal machete
6315	Jade machete
6317	Red topaz machete
6562	Mud battlestaff
6563	Mystic mud staff
6707	Camulet
6739	Dragon axe
8007	Varrock teleport
8008	Lumbridge teleport
8009	Falador teleport
8010	Camelot teleport
8011	Ardougne teleport
8012	Watchtower teleport
8013	Teleport to house
8880	Dorgeshuun crossbow
9013	Skull sceptre
9075	Astral rune
9174	Bronze crossbow
9177	Iron crossbow
9179	Steel crossbow
9181	Mithril crossbow
9183	Adamant crossbow
9185	Rune crossbow
9419	Mith grapple
9469	Grand seed pod
9750	Strength cape
9751	Strength cape(t)
9780	Crafting cape
9781	Crafting cape(t)
9782	Crafting hood
9789	Construct. cape
9790	Construct. cape(t)
9798	Fishing cape
9799	Fishing cape(t)
9810	Farming cape
9811	Farming cape(t)
9813	Quest point cape
9948	Hunter cape
9949	Hunter cape(t)
10156	Hunters' crossbow
10354	Amulet of glory (t4)
10356	Amulet of glory (t3)
10358	Amulet of glory (t2)
10360	Amulet of glory (t1)
11105	Skills necklace(4)
11107	Skills necklace(3)
11109	Skills necklace(2)
11111	Skills necklace(1)
11118	Combat bracelet(4)
11120	Combat bracelet(3)
11122	Combat bracelet(2)
11124	Combat bracelet(1)
11140	Karamja gloves 3
11190	Digsite pendant (1)
11191	Digsite pendant (2)
11192	Digsite pendant (3)
11193	Digsite pendant (4)
11194	Digsite pendant (5)
11741	Rimmington teleport
11742	Taverley teleport
11743	Pollnivneach teleport
11744	Rellekka teleport
11745	Brimhaven teleport
11746	Yanille teleport
11747	Trollheim teleport
11785	Armadyl crossbow
11787	Steam battlestaff
11789	Mystic steam staff
11866	Slayer ring (8)
11867	Slayer ring (7)
11868	Slayer ring (6)
11869	Slayer ring (5)
11870	Slayer ring (4)
11871	Slayer ring (3)
11872	Slayer ring (2)
11873	Slayer ring (1)
11920	Dragon pickaxe
11964	Amulet of glory (t6)
11966	Amulet of glory (t5)
11968	Skills necklace(6)
11970	Skills necklace(5)
11972	Combat bracelet(6)
11974	Combat bracelet(5)
11976	Amulet of glory(5)
11978	Amulet of glory(6)
11980	Ring of wealth (5)
11982	Ring of wealth (4)
11984	Ring of wealth (3)
11986	Ring of wealth (2)
11988	Ring of wealth (1)
11998	Smoke battlestaff
12000	Mystic smoke staff
12297	Black pickaxe
12402	Nardah teleport
12403	Digsite teleport
12404	Feldip hills teleport
12405	Lunar isle teleport
12406	Mort'ton teleport
12407	Pest control teleport
12408	Piscatoris teleport
12409	Tai bwo wannai teleport
12410	Iorwerth camp teleport
12411	Mos le'harmless teleport
12642	Lumberyard teleport
12775	Annakarl teleport
12776	Carrallanger teleport
12777	Dareeyak teleport
12778	Ghorrock teleport
12779	Kharyrll teleport
12780	Lassar teleport
12781	Paddewwa teleport
12782	Senntisten teleport
12797	Dragon pickaxe
12938	Zul-andra teleport
13068	Quest point cape (t)
13069	Achievement diary cape (t)
13079	Enchanted lyre(5)
13102	Teleport crystal (5)
13103	Karamja gloves 4
13110	Wilderness sword 3
13111	Wilderness sword 4
13112	Morytania legs 1
13113	Morytania legs 2
13114	Morytania legs 3
13115	Morytania legs 4
13121	Ardougne cloak 1
13122	Ardougne cloak 2
13123	Ardougne cloak 3
13124	Ardougne cloak 4
13126	Explorer's ring 2
13127	Explorer's ring 3
13128	Explorer's ring 4
13129	Fremennik sea boots 1
13130	Fremennik sea boots 2
13131	Fremennik sea boots 3
13132	Fremennik sea boots 4
13134	Desert amulet 2
13135	Desert amulet 3
13136	Desert amulet 4
13139	Kandarin headgear 3
13140	Kandarin headgear 4
13143	Western banner 3
13144	Western banner 4
13221	Music cape
13222	Music cape(t)
13241	Infernal axe
13243	Infernal pickaxe
13249	Key master teleport
13280	Max cape
13281	Max hood
13329	Fire max cape
13330	Fire max hood
13331	Saradomin max cape
13332	Saradomin max hood
13333	Zamorak max cape
13334	Zamorak max hood
13335	Guthix max cape
13336	Guthix max hood
13337	Accumulator max cape
13338	Accumulator max hood
13342	Max cape
13393	Xeric's talisman
13660	Chronicle
19476	Achievement diary cape
19564	Royal seed pod
19613	Arceuus library teleport
19615	Draynor manor teleport
19617	Mind altar teleport
19619	Salve graveyard teleport
19621	Fenkenstrain's castle teleport
19623	West ardougne teleport
19625	Harmony island teleport
19627	Cemetery teleport
19629	Barrows teleport
19631	Ape atoll teleport
19651	Hosidius teleport
19707	Amulet of eternal glory
20011	3rd Age axe
20014	3rd Age pickaxe
20208	Golden apron
20714	Tome of Fire
20730	Mist battlestaff
20733	Mystic mist staff
20736	Dust battlestaff
20739	Mystic dust staff
20760	Ardougne max cape
20764	Ardougne max hood
20786	Ring of wealth (i5)
20787	Ring of wealth (i4)
20788	Ring of wealth (i3)
20789	Ring of wealth (i2)
20790	Ring of wealth (i1)
21012	Dragon hunter crossbow
21146	Necklace of passage(5)
21149	Necklace of passage(4)
21151	Necklace of passage(3)
21153	Necklace of passage(2)
21155	Necklace of passage(1)
21166	Burning amulet(5)
21169	Burning amulet(4)
21171	Burning amulet(3)
21173	Burning amulet(2)
21175	Burning amulet(1)
21186	Fire max cape
21268	Slayer ring (eternal)
21276	Skull sceptre (i)
21282	Infernal max hood
21284	Infernal max cape
21285	Infernal max cape
21389	Master scroll book
21541	Volcanic mine teleport
21760	Kharedst's memoirs
21776	Imbued Saradomin max cape
21778	Imbued Saradomin max hood
21780	Imbued Zamorak max cape
21782	Imbued Zamorak max hood
21784	Imbued Guthix max cape
21786	Imbued Guthix max hood
21802	Revenant cave teleport
21898	Assembler max cape
21900	Assembler max hood
21902	Dragon crossbow
21913	Mythical cape
22114	Mythical cape
22370	Bryophyta's staff
22400	Drakan's medallion
22599	Icy basalt
22601	Stony basalt
22941	Rada's blessing 1
22943	Rada's blessing 2
22945	Rada's blessing 3
22947	Rada's blessing 4
22949	Battlefront teleport
23276	Gilded pickaxe
23279	Gilded axe
23387	Watson teleport
23413	Climbing boots (g)
23458	Enchanted lyre(i)
23673	Crystal axe
23677	Dragon pickaxe (or)
23680	Crystal pickaxe
23771	Prifddinas teleport
23946	Eternal teleport crystal
24133	Infernal max cape (l)
24134	Fire max cape (l)
24135	Assembler max cape (l)
24232	Imbued Saradomin max cape (l)
24233	Imbued Zamorak max cape (l)
24234	Imbued Guthix max cape (l)
24251	Wilderness crabs teleport
24709	Hallowed crystal shard
24855	Mythical max cape
24857	Mythical max hood
24949	Moonclan teleport
24951	Ourania teleport
24953	Waterbirth teleport
24955	Barbarian teleport
24957	Khazard teleport
24959	Fishing guild teleport
24961	Catherby teleport
24963	Ice plateau teleport
25102	Fairy mushroom
25376	Dragon pickaxe (or)
25574	Tome of Water
25818	Book of the Dead
26374	Zaryte crossbow
26818	Ring of the elements
26914	Amulet of the Eye
26948	Pharaoh's sceptre
27363	Masori assembler max cape
27365	Masori assembler max cape (l)
27366	Masori assembler max hood
28327	Ring of shadows
28329	Ring of shadows (uncharged)
28902	Dizana's max cape
28904	Dizana's max hood
28906	Dizana's max cape (l)
29271	Basic quetzal whistle
29273	Enhanced quetzal whistle
29275	Perfected quetzal whistle
29893	Pendant of Ates
30064	Tome of Earth
30351	Dragon pickaxe (or)
30361	Banker's briefcase
30634	Twinflame staff
30638	Giantsoul amulet
32399	Sailors' amulet
33104	Cowbell amulet
33120	Perfected quetzal whistle(i)
33227	Evil eye
33233	Map of alacrity
33253	Shadowflame quadrant
